claim_id,claim_text,claim_namespace,dataset,method_route,method_or_stage,support_status,claim_type,support_basis,marine_transfer_status,evidence_strength,primary_supporting_artifact,primary_artifact_authority,supporting_review,supporting_execution_record,supporting_numerical_artifact,dataset_identity_artifact,source_script_path,primary_artifact_hash,primary_artifact_hash_source,primary_artifact_id,artifact_hash_available,dataset_hash_available,source_script_lineage_available,test_status,reproducibility_status,major_limitation,package_wording,prohibited_interpretation,reopening_condition,related_gap_ids,mapping_status,notes
C-001,Single-variable condition normalization may be insufficient to separate healthy and degraded states.,C,CODLAG,Residual route,CODLAG residual feasibility,SUPPORTED_WITH_LIMITATIONS,BOUNDARY_CLAIM,REVIEWED_NUMERICAL_EVIDENCE,STRUCTURAL_RELEVANCE_ONLY,MODERATE,docs/validation/framework_validation/CODLAG_expected_state_baseline_execution_record.md,EXECUTION_RECORD,docs/marine_package_v1/marine_package_v1_structure.md; docs/marine_package_v1/marine_package_v1_claim_boundary.md; outputs/codlag_expected_state/stratified_residual_diagnostic/CODLAG_stratified_residual_diagnostic_summary.md; docs/documentation_map.md,docs/validation/framework_validation/CODLAG_expected_state_baseline_execution_record.md,,docs/dataset_registry.md,NOT_APPLICABLE,49CFC7EF60D9E9003796BD0608EC0834112E7AF4E100549B2EB977FE85161DF9,COMPUTED_DURING_PHASE_2,COD-002,YES,YES,NOT_APPLICABLE,DEVELOPMENT_ONLY,PARTIAL,"CODLAG is structural boundary evidence, not Marine evidence; dataset/execution lineage is partial.","Use only with public-data, structural, development, process, or boundary qualifiers as indicated by support_status and marine_transfer_status.","Do not interpret as Marine validity, Health Assessment completion, deployment readiness, physical calibration, or shipboard RUL capability.",Resolve related gaps and complete authorized review before strengthening claim.,G-025;G-026,MAPPED_WITH_LIMITATIONS,Primary row for frozen claim.
C-002,Residual evidence may remain hidden when operating-condition representation is under-specified.,C,CODLAG,Residual route,CODLAG residual feasibility,SUPPORTED_WITH_LIMITATIONS,BOUNDARY_CLAIM,REVIEWED_NUMERICAL_EVIDENCE,STRUCTURAL_RELEVANCE_ONLY,MODERATE,outputs/codlag_expected_state/stratified_residual_diagnostic/CODLAG_stratified_residual_diagnostic_summary.md,FROZEN_EVIDENCE,docs/marine_package_v1/marine_package_v1_structure.md; docs/marine_package_v1/marine_package_v1_claim_boundary.md; outputs/codlag_expected_state/stratified_residual_diagnostic/CODLAG_stratified_residual_diagnostic_summary.md; docs/documentation_map.md,docs/validation/framework_validation/CODLAG_expected_state_baseline_execution_record.md,,docs/dataset_registry.md,NOT_APPLICABLE,B6EF905049E9583AD4DBFDF886F6D97564DEEE6ECC502A6541914A6BA0C17375,COMPUTED_DURING_PHASE_2,COD-001,YES,YES,NOT_APPLICABLE,DEVELOPMENT_ONLY,PARTIAL,"CODLAG is structural boundary evidence, not Marine evidence; dataset/execution lineage is partial.","Use only with public-data, structural, development, process, or boundary qualifiers as indicated by support_status and marine_transfer_status.","Do not interpret as Marine validity, Health Assessment completion, deployment readiness, physical calibration, or shipboard RUL capability.",Resolve related gaps and complete authorized review before strengthening claim.,G-025;G-026,MAPPED_WITH_LIMITATIONS,Primary row for frozen claim.
C-003,Stratified residual analysis can recover degradation structure that is not visible in globally pooled residuals.,C,CODLAG,Residual route,CODLAG residual feasibility,SUPPORTED_WITH_LIMITATIONS,EMPIRICAL_RESULT,REVIEWED_NUMERICAL_EVIDENCE,STRUCTURAL_RELEVANCE_ONLY,MODERATE,outputs/codlag_expected_state/stratified_residual_diagnostic/CODLAG_stratified_residual_diagnostic_summary.md,FROZEN_EVIDENCE,docs/marine_package_v1/marine_package_v1_structure.md; docs/marine_package_v1/marine_package_v1_claim_boundary.md; outputs/codlag_expected_state/stratified_residual_diagnostic/CODLAG_stratified_residual_diagnostic_summary.md; docs/documentation_map.md,,,docs/dataset_registry.md,NOT_APPLICABLE,B6EF905049E9583AD4DBFDF886F6D97564DEEE6ECC502A6541914A6BA0C17375,COMPUTED_DURING_PHASE_2,COD-001,YES,YES,NOT_APPLICABLE,DEVELOPMENT_ONLY,PARTIAL,"CODLAG is structural boundary evidence, not Marine evidence; dataset/execution lineage is partial.","Use only with public-data, structural, development, process, or boundary qualifiers as indicated by support_status and marine_transfer_status.","Do not interpret as Marine validity, Health Assessment completion, deployment readiness, physical calibration, or shipboard RUL capability.",Resolve related gaps and complete authorized review before strengthening claim.,G-025;G-026,MAPPED_WITH_LIMITATIONS,Primary row for frozen claim.
C-004,"Residual-route feasibility depends on condition-variable sufficiency, not only model capacity.",C,CODLAG,Residual route,CODLAG residual feasibility,SUPPORTED_WITH_LIMITATIONS,STRUCTURAL_INFERENCE,REVIEWED_NUMERICAL_EVIDENCE,STRUCTURAL_RELEVANCE_ONLY,MODERATE,docs/validation/framework_validation/CODLAG_expected_state_baseline_execution_record.md,EXECUTION_RECORD,docs/marine_package_v1/marine_package_v1_structure.md; docs/marine_package_v1/marine_package_v1_claim_boundary.md; outputs/codlag_expected_state/stratified_residual_diagnostic/CODLAG_stratified_residual_diagnostic_summary.md; docs/documentation_map.md,docs/validation/framework_validation/CODLAG_expected_state_baseline_execution_record.md,,docs/dataset_registry.md,NOT_APPLICABLE,49CFC7EF60D9E9003796BD0608EC0834112E7AF4E100549B2EB977FE85161DF9,COMPUTED_DURING_PHASE_2,COD-002,YES,YES,NOT_APPLICABLE,DEVELOPMENT_ONLY,PARTIAL,"CODLAG is structural boundary evidence, not Marine evidence; dataset/execution lineage is partial.","Use only with public-data, structural, development, process, or boundary qualifiers as indicated by support_status and marine_transfer_status.","Do not interpret as Marine validity, Health Assessment completion, deployment readiness, physical calibration, or shipboard RUL capability.",Resolve related gaps and complete authorized review before strengthening claim.,G-025;G-026,MAPPED_WITH_LIMITATIONS,Primary row for frozen claim.
PR-001,Fixed-condition datasets may not support or require a meaningful Expected State residual model.,PR,PRONOSTIA,Residual route,Fixed-condition boundary,SUPPORTED_WITH_LIMITATIONS,BOUNDARY_CLAIM,FROZEN_CLOSURE_RECORD,STRUCTURAL_RELEVANCE_ONLY,LIMITED,docs/validation/framework_validation/PRONOSTIA-BD-001_closure_review.md,CLOSURE_RECORD,docs/marine_package_v1/marine_package_v1_structure.md; docs/marine_package_v1/marine_package_v1_claim_boundary.md; docs/validation/framework_validation/PRONOSTIA-BD-001_closure_review.md; docs/documentation_map.md,docs/validation/framework_validation/PRONOSTIA-BD-001_execution_summary.md,,docs/dataset_registry.md,NOT_APPLICABLE,79E1303F1C9972F2994B22B64BF90F1915A1AFC555EA238C0E977406485443E9,COMPUTED_DURING_PHASE_2,PR-001A,YES,YES,NOT_APPLICABLE,DEVELOPMENT_ONLY,PARTIAL,"PRONOSTIA is a fixed-condition boundary case, not direct Marine evidence.","Use only with public-data, structural, development, process, or boundary qualifiers as indicated by support_status and marine_transfer_status.","Do not interpret as Marine validity, Health Assessment completion, deployment readiness, physical calibration, or shipboard RUL capability.",Resolve related gaps and complete authorized review before strengthening claim.,G-025;G-026,MAPPED_WITH_LIMITATIONS,Primary row for frozen claim.
PR-002,"When operating-condition variation is minimal, direct progression or nonresidual analysis may be more appropriate than condition-normalized residual modelling.",PR,PRONOSTIA,Residual route,Fixed-condition boundary,SUPPORTED_WITH_LIMITATIONS,STRUCTURAL_INFERENCE,FROZEN_CLOSURE_RECORD,STRUCTURAL_RELEVANCE_ONLY,LIMITED,docs/validation/framework_validation/PRONOSTIA-BD-001_closure_review.md,CLOSURE_RECORD,docs/marine_package_v1/marine_package_v1_structure.md; docs/marine_package_v1/marine_package_v1_claim_boundary.md; docs/validation/framework_validation/PRONOSTIA-BD-001_closure_review.md; docs/documentation_map.md,docs/validation/framework_validation/PRONOSTIA-BD-001_execution_summary.md,,docs/dataset_registry.md,NOT_APPLICABLE,79E1303F1C9972F2994B22B64BF90F1915A1AFC555EA238C0E977406485443E9,COMPUTED_DURING_PHASE_2,PR-001A,YES,YES,NOT_APPLICABLE,DEVELOPMENT_ONLY,PARTIAL,"PRONOSTIA is a fixed-condition boundary case, not direct Marine evidence.","Use only with public-data, structural, development, process, or boundary qualifiers as indicated by support_status and marine_transfer_status.","Do not interpret as Marine validity, Health Assessment completion, deployment readiness, physical calibration, or shipboard RUL capability.",Resolve related gaps and complete authorized review before strengthening claim.,G-025;G-026,MAPPED_WITH_LIMITATIONS,Primary row for frozen claim.
PR-003,Method selection must depend on the operating-condition structure of the dataset and equipment.,PR,PRONOSTIA,Residual route,Fixed-condition boundary,SUPPORTED_WITH_LIMITATIONS,STRUCTURAL_INFERENCE,FROZEN_CLOSURE_RECORD,STRUCTURAL_RELEVANCE_ONLY,LIMITED,docs/validation/framework_validation/PRONOSTIA-BD-001_closure_review.md,CLOSURE_RECORD,docs/marine_package_v1/marine_package_v1_structure.md; docs/marine_package_v1/marine_package_v1_claim_boundary.md; docs/validation/framework_validation/PRONOSTIA-BD-001_closure_review.md; docs/documentation_map.md,docs/validation/framework_validation/PRONOSTIA-BD-001_execution_summary.md,,docs/dataset_registry.md,NOT_APPLICABLE,79E1303F1C9972F2994B22B64BF90F1915A1AFC555EA238C0E977406485443E9,COMPUTED_DURING_PHASE_2,PR-001A,YES,YES,NOT_APPLICABLE,DEVELOPMENT_ONLY,PARTIAL,"PRONOSTIA is a fixed-condition boundary case, not direct Marine evidence.","Use only with public-data, structural, development, process, or boundary qualifiers as indicated by support_status and marine_transfer_status.","Do not interpret as Marine validity, Health Assessment completion, deployment readiness, physical calibration, or shipboard RUL capability.",Resolve related gaps and complete authorized review before strengthening claim.,G-025;G-026,MAPPED_WITH_LIMITATIONS,Primary row for frozen claim.
PR-004,"Non-application of an Expected State model in a fixed-condition case is a method boundary, not necessarily an experimental failure.",PR,PRONOSTIA,Residual route,Fixed-condition boundary,SUPPORTED_WITH_LIMITATIONS,BOUNDARY_CLAIM,FROZEN_CLOSURE_RECORD,STRUCTURAL_RELEVANCE_ONLY,LIMITED,docs/validation/framework_validation/PRONOSTIA-BD-001_closure_review.md,CLOSURE_RECORD,docs/marine_package_v1/marine_package_v1_structure.md; docs/marine_package_v1/marine_package_v1_claim_boundary.md; docs/validation/framework_validation/PRONOSTIA-BD-001_closure_review.md; docs/documentation_map.md,docs/validation/framework_validation/PRONOSTIA-BD-001_execution_summary.md,,docs/dataset_registry.md,NOT_APPLICABLE,79E1303F1C9972F2994B22B64BF90F1915A1AFC555EA238C0E977406485443E9,COMPUTED_DURING_PHASE_2,PR-001A,YES,YES,NOT_APPLICABLE,DEVELOPMENT_ONLY,PARTIAL,"PRONOSTIA is a fixed-condition boundary case, not direct Marine evidence.","Use only with public-data, structural, development, process, or boundary qualifiers as indicated by support_status and marine_transfer_status.","Do not interpret as Marine validity, Health Assessment completion, deployment readiness, physical calibration, or shipboard RUL capability.",Resolve related gaps and complete authorized review before strengthening claim.,G-025;G-026,MAPPED_WITH_LIMITATIONS,Primary row for frozen claim.
R-001,Expected State modelling can remove part of operating-condition variation.,R,C-MAPSS FD002,Residual route,BL150/BL175 residual execution,SUPPORTED_WITH_LIMITATIONS,EMPIRICAL_RESULT,FROZEN_CLOSURE_RECORD,STRUCTURAL_RELEVANCE_ONLY,MODERATE,docs/validation/framework_validation/FD002_consolidated_closure_report.md,CLOSURE_RECORD,docs/marine_package_v1/marine_package_v1_structure.md; docs/marine_package_v1/marine_package_v1_claim_boundary.md; docs/validation/framework_validation/FD002_consolidated_closure_report.md; docs/validation/framework_validation/FD002_archive_summary.md; docs/validation/framework_validation/FD002_existing_state_audit.md; docs/documentation_map.md,outputs/cmapss_fd002/BL150/fd002_bl150_execution_summary.md; lbnl_expected_state/docs/decisions/DD-002_residual_evidence_hierarchy.md,outputs/cmapss_fd002/closure/FD002_closure_manifest.json; outputs/cmapss_fd002/BL150/fd002_bl150_global_residual_evidence.csv,outputs/cmapss_fd002/existing_state_audit/FD002_dataset_lineage.csv,NOT_RECORDED,CB0F891AB913F5015E036493DAF7CF3C97BCD61C0E37E90A8F985C2134CF0355,COMPUTED_DURING_PHASE_2,FD2-001,YES,NO,NO,CROSS_MODEL_ONLY,DOCUMENT_LEVEL_ONLY,FD002 historical dataset hashes and explicit source execution scripts are incomplete; 15%/20% sensitivity and Phase B2 are deferred.,"Use only with public-data, structural, development, process, or boundary qualifiers as indicated by support_status and marine_transfer_status.","Do not interpret as Marine validity, Health Assessment completion, deployment readiness, physical calibration, or shipboard RUL capability.",Resolve related gaps and complete authorized review before strengthening claim.,G-002;G-011;G-012,MAPPED_WITH_LIMITATIONS,Primary row for frozen claim.
R-002,Residuals can carry progression-related information.,R,C-MAPSS FD002,Residual route,BL150/BL175 residual execution,SUPPORTED_WITH_LIMITATIONS,EMPIRICAL_RESULT,FROZEN_CLOSURE_RECORD,STRUCTURAL_RELEVANCE_ONLY,MODERATE,docs/validation/framework_validation/FD002_consolidated_closure_report.md,CLOSURE_RECORD,docs/marine_package_v1/marine_package_v1_structure.md; docs/marine_package_v1/marine_package_v1_claim_boundary.md; docs/validation/framework_validation/FD002_consolidated_closure_report.md; docs/validation/framework_validation/FD002_archive_summary.md; docs/validation/framework_validation/FD002_existing_state_audit.md; docs/documentation_map.md,outputs/cmapss_fd002/BL150/fd002_bl150_execution_summary.md; lbnl_expected_state/docs/decisions/DD-002_residual_evidence_hierarchy.md,outputs/cmapss_fd002/closure/FD002_closure_manifest.json; outputs/cmapss_fd002/BL150/fd002_bl150_global_residual_evidence.csv,outputs/cmapss_fd002/existing_state_audit/FD002_dataset_lineage.csv,NOT_RECORDED,CB0F891AB913F5015E036493DAF7CF3C97BCD61C0E37E90A8F985C2134CF0355,COMPUTED_DURING_PHASE_2,FD2-001,YES,NO,NO,CROSS_MODEL_ONLY,DOCUMENT_LEVEL_ONLY,FD002 historical dataset hashes and explicit source execution scripts are incomplete; 15%/20% sensitivity and Phase B2 are deferred.,"Use only with public-data, structural, development, process, or boundary qualifiers as indicated by support_status and marine_transfer_status.","Do not interpret as Marine validity, Health Assessment completion, deployment readiness, physical calibration, or shipboard RUL capability.",Resolve related gaps and complete authorized review before strengthening claim.,G-002;G-011;G-012,MAPPED_WITH_LIMITATIONS,Primary row for frozen claim.
R-003,Residual evidence remained similar under BL150 and BL175.,R,C-MAPSS FD002,Residual route,BL150/BL175 residual execution,SUPPORTED_WITH_LIMITATIONS,EMPIRICAL_RESULT,FROZEN_CLOSURE_RECORD,STRUCTURAL_RELEVANCE_ONLY,MODERATE,docs/validation/framework_validation/FD002_consolidated_closure_report.md,CLOSURE_RECORD,docs/marine_package_v1/marine_package_v1_structure.md; docs/marine_package_v1/marine_package_v1_claim_boundary.md; docs/validation/framework_validation/FD002_consolidated_closure_report.md; docs/validation/framework_validation/FD002_archive_summary.md; docs/validation/framework_validation/FD002_existing_state_audit.md; docs/documentation_map.md,outputs/cmapss_fd002/BL150/fd002_bl150_execution_summary.md; outputs/cmapss_fd002/BL175/fd002_bl175_execution_summary.md; lbnl_expected_state/docs/decisions/DD-004_semantic_window_validation.md,outputs/cmapss_fd002/closure/FD002_closure_manifest.json; outputs/cmapss_fd002/BL150/fd002_bl150_global_residual_evidence.csv; outputs/cmapss_fd002/BL175/fd002_bl175_global_residual_evidence.csv,outputs/cmapss_fd002/existing_state_audit/FD002_dataset_lineage.csv,NOT_RECORDED,CB0F891AB913F5015E036493DAF7CF3C97BCD61C0E37E90A8F985C2134CF0355,COMPUTED_DURING_PHASE_2,FD2-001,YES,NO,NO,CROSS_MODEL_ONLY,DOCUMENT_LEVEL_ONLY,FD002 historical dataset hashes and explicit source execution scripts are incomplete; 15%/20% sensitivity and Phase B2 are deferred.,"Use only with public-data, structural, development, process, or boundary qualifiers as indicated by support_status and marine_transfer_status.","Do not interpret as Marine validity, Health Assessment completion, deployment readiness, physical calibration, or shipboard RUL capability.",Resolve related gaps and complete authorized review before strengthening claim.,G-002;G-011;G-012,MAPPED_WITH_LIMITATIONS,Primary row for frozen claim.
R-004,A small primary channel set can be selected from residual evidence.,R,C-MAPSS FD002,Residual route,Health Evidence v0,SUPPORTED_WITH_LIMITATIONS,EMPIRICAL_RESULT,FROZEN_CLOSURE_RECORD,STRUCTURAL_RELEVANCE_ONLY,MODERATE,docs/validation/framework_validation/FD002_health_evidence_v0_execution_summary.md,EXECUTION_RECORD,docs/marine_package_v1/marine_package_v1_structure.md; docs/marine_package_v1/marine_package_v1_claim_boundary.md; docs/validation/framework_validation/FD002_consolidated_closure_report.md; docs/validation/framework_validation/FD002_archive_summary.md; docs/validation/framework_validation/FD002_existing_state_audit.md; lbnl_expected_state/docs/architecture/health_evidence_framework.md; docs/documentation_map.md,docs/validation/framework_validation/FD002_health_evidence_v0_execution_summary.md,outputs/cmapss_fd002/closure/FD002_closure_manifest.json; outputs/cmapss_fd002/health_evidence_v0/CMAPSS_FD002_health_evidence_channel_summary.csv,outputs/cmapss_fd002/existing_state_audit/FD002_dataset_lineage.csv,NOT_RECORDED,A77CAACFD93A66E4400A57A3038CB6959905EECC739DF8B1A7E9505E253A9612,COMPUTED_DURING_PHASE_2,FD2-009,YES,NO,NO,CROSS_MODEL_ONLY,DOCUMENT_LEVEL_ONLY,FD002 historical dataset hashes and explicit source execution scripts are incomplete; 15%/20% sensitivity and Phase B2 are deferred.,"Use only with public-data, structural, development, process, or boundary qualifiers as indicated by support_status and marine_transfer_status.","Do not interpret as Marine validity, Health Assessment completion, deployment readiness, physical calibration, or shipboard RUL capability.",Resolve related gaps and complete authorized review before strengthening claim.,G-002;G-011;G-012,MAPPED_WITH_LIMITATIONS,Primary row for frozen claim.
R-005,A scalar HI can be constructed from selected residual evidence.,R,C-MAPSS FD002,Residual route,HI v0,SUPPORTED_WITH_LIMITATIONS,EMPIRICAL_RESULT,FROZEN_CLOSURE_RECORD,STRUCTURAL_RELEVANCE_ONLY,MODERATE,docs/validation/framework_validation/FD002_HI_v0_closure_review.md,REVIEW_RECORD,docs/marine_package_v1/marine_package_v1_structure.md; docs/marine_package_v1/marine_package_v1_claim_boundary.md; docs/validation/framework_validation/FD002_consolidated_closure_report.md; docs/validation/framework_validation/FD002_archive_summary.md; docs/validation/framework_validation/FD002_existing_state_audit.md; docs/validation/framework_validation/FD002_HI_v0_closure_review.md; lbnl_expected_state/docs/architecture/health_evidence_framework.md; docs/documentation_map.md,docs/validation/framework_validation/FD002_HI_v0_execution_summary.md,outputs/cmapss_fd002/closure/FD002_closure_manifest.json; outputs/cmapss_fd002/hi_v0/CMAPSS_FD002_HI_v0_benchmark_summary.csv,outputs/cmapss_fd002/existing_state_audit/FD002_dataset_lineage.csv,NOT_RECORDED,B98DCB6E3E859FEB2B061742378B696CB5F26EA60E0E9B2E4A72A6D973E37495,COMPUTED_DURING_PHASE_2,FD2-013,YES,NO,NO,CROSS_MODEL_ONLY,DOCUMENT_LEVEL_ONLY,FD002 historical dataset hashes and explicit source execution scripts are incomplete; 15%/20% sensitivity and Phase B2 are deferred.,"Use only with public-data, structural, development, process, or boundary qualifiers as indicated by support_status and marine_transfer_status.","Do not interpret as Marine validity, Health Assessment completion, deployment readiness, physical calibration, or shipboard RUL capability.",Resolve related gaps and complete authorized review before strengthening claim.,G-002;G-011;G-012,MAPPED_WITH_LIMITATIONS,Primary row for frozen claim.
R-006,The canonical FD002 HI showed positive unit-level progression association.,R,C-MAPSS FD002,Residual route,HI v0,SUPPORTED_WITH_LIMITATIONS,EMPIRICAL_RESULT,FROZEN_CLOSURE_RECORD,STRUCTURAL_RELEVANCE_ONLY,MODERATE,docs/validation/framework_validation/FD002_HI_v0_closure_review.md,REVIEW_RECORD,docs/marine_package_v1/marine_package_v1_structure.md; docs/marine_package_v1/marine_package_v1_claim_boundary.md; docs/validation/framework_validation/FD002_consolidated_closure_report.md; docs/validation/framework_validation/FD002_archive_summary.md; docs/validation/framework_validation/FD002_existing_state_audit.md; docs/validation/framework_validation/FD002_HI_v0_closure_review.md; docs/documentation_map.md,docs/validation/framework_validation/FD002_HI_v0_execution_summary.md,outputs/cmapss_fd002/closure/FD002_closure_manifest.json; outputs/cmapss_fd002/hi_v0/CMAPSS_FD002_HI_v0_benchmark_summary.csv,outputs/cmapss_fd002/existing_state_audit/FD002_dataset_lineage.csv,NOT_RECORDED,B98DCB6E3E859FEB2B061742378B696CB5F26EA60E0E9B2E4A72A6D973E37495,COMPUTED_DURING_PHASE_2,FD2-013,YES,NO,NO,CROSS_MODEL_ONLY,DOCUMENT_LEVEL_ONLY,FD002 historical dataset hashes and explicit source execution scripts are incomplete; 15%/20% sensitivity and Phase B2 are deferred.,"Use only with public-data, structural, development, process, or boundary qualifiers as indicated by support_status and marine_transfer_status.","Do not interpret as Marine validity, Health Assessment completion, deployment readiness, physical calibration, or shipboard RUL capability.",Resolve related gaps and complete authorized review before strengthening claim.,G-002;G-011;G-012,MAPPED_WITH_LIMITATIONS,Primary row for frozen claim.
R-007,poly3 and ridge provided cross-model support.,R,C-MAPSS FD002,Residual route,Phase B1 fixed-channel cross-model validation,SUPPORTED_WITH_LIMITATIONS,EMPIRICAL_RESULT,FROZEN_CLOSURE_RECORD,STRUCTURAL_RELEVANCE_ONLY,MODERATE,docs/validation/framework_validation/FD002_consolidated_closure_report.md,CLOSURE_RECORD,docs/marine_package_v1/marine_package_v1_structure.md; docs/marine_package_v1/marine_package_v1_claim_boundary.md; docs/validation/framework_validation/FD002_consolidated_closure_report.md; docs/validation/framework_validation/FD002_archive_summary.md; docs/validation/framework_validation/FD002_existing_state_audit.md; docs/documentation_map.md,,outputs/cmapss_fd002/closure/FD002_closure_manifest.json; outputs/cmapss_fd002/phase_b/B1_fixed_channel/CMAPSS_FD002_B1_cross_model_comparison_summary.csv,outputs/cmapss_fd002/existing_state_audit/FD002_dataset_lineage.csv,NOT_RECORDED,CB0F891AB913F5015E036493DAF7CF3C97BCD61C0E37E90A8F985C2134CF0355,COMPUTED_DURING_PHASE_2,FD2-001,YES,NO,NO,CROSS_MODEL_ONLY,DOCUMENT_LEVEL_ONLY,FD002 historical dataset hashes and explicit source execution scripts are incomplete; 15%/20% sensitivity and Phase B2 are deferred.,"Use only with public-data, structural, development, process, or boundary qualifiers as indicated by support_status and marine_transfer_status.","Do not interpret as Marine validity, Health Assessment completion, deployment readiness, physical calibration, or shipboard RUL capability.",Resolve related gaps and complete authorized review before strengthening claim.,G-002;G-011;G-012,MAPPED_WITH_LIMITATIONS,Primary row for frozen claim.
R-008,poly1 acted as an underfit negative control.,R,C-MAPSS FD002,Residual route,Phase B1 fixed-channel cross-model validation,SUPPORTED_WITH_LIMITATIONS,EMPIRICAL_RESULT,FROZEN_CLOSURE_RECORD,STRUCTURAL_RELEVANCE_ONLY,MODERATE,docs/validation/framework_validation/FD002_consolidated_closure_report.md,CLOSURE_RECORD,docs/marine_package_v1/marine_package_v1_structure.md; docs/marine_package_v1/marine_package_v1_claim_boundary.md; docs/validation/framework_validation/FD002_consolidated_closure_report.md; docs/validation/framework_validation/FD002_archive_summary.md; docs/validation/framework_validation/FD002_existing_state_audit.md; docs/documentation_map.md,,outputs/cmapss_fd002/closure/FD002_closure_manifest.json; outputs/cmapss_fd002/phase_b/B1_fixed_channel/CMAPSS_FD002_B1_cross_model_comparison_summary.csv,outputs/cmapss_fd002/existing_state_audit/FD002_dataset_lineage.csv,NOT_RECORDED,CB0F891AB913F5015E036493DAF7CF3C97BCD61C0E37E90A8F985C2134CF0355,COMPUTED_DURING_PHASE_2,FD2-001,YES,NO,NO,CROSS_MODEL_ONLY,DOCUMENT_LEVEL_ONLY,FD002 historical dataset hashes and explicit source execution scripts are incomplete; 15%/20% sensitivity and Phase B2 are deferred.,"Use only with public-data, structural, development, process, or boundary qualifiers as indicated by support_status and marine_transfer_status.","Do not interpret as Marine validity, Health Assessment completion, deployment readiness, physical calibration, or shipboard RUL capability.",Resolve related gaps and complete authorized review before strengthening claim.,G-002;G-011;G-012,MAPPED_WITH_LIMITATIONS,Primary row for frozen claim.
R-009,N-CMAPSS DS02 produced a development-stage residual pilot signal under continuous and interacting operating conditions.,R,N-CMAPSS DS02,Residual route,N-CMAPSS DS02 residual pilot,PILOT_EVIDENCE_ONLY,EMPIRICAL_PILOT_RESULT,NCMAPSS_DS02_RESIDUAL_PILOT_ARTIFACTS_AND_REVIEW,STRUCTURAL_RELEVANCE_ONLY,LIMITED,docs/validation/ncmapss_prevalidation/NCMAPSS_prevalidation_completion_summary.md,CLOSURE_RECORD,docs/marine_package_v1/marine_package_v1_structure.md; docs/marine_package_v1/marine_package_v1_claim_boundary.md; docs/validation/ncmapss_prevalidation/NCMAPSS_prevalidation_completion_summary.md; docs/validation/ncmapss_prevalidation/NCMAPSS_DS02_residual_prevalidation_diagnostic_review.md; docs/documentation_map.md,,outputs/ncmapss/prevalidation/ds02_residual_001/NCMAPSS_DS02_HI_summary.csv,docs/dataset_registry.md,NOT_APPLICABLE,652BF49E2403D613AB80E13DF26FC9DC9CAC66F50ACF4685D7F8B114230A9385,COMPUTED_DURING_PHASE_2,NC-R-001,YES,YES,NOT_APPLICABLE,PILOT_ONLY,PARTIAL,N-CMAPSS DS02 residual result is pilot evidence only and does not prove general nonlinear requirements.,"Use only with public-data, structural, development, process, or boundary qualifiers as indicated by support_status and marine_transfer_status.","Do not interpret as Marine validity, Health Assessment completion, deployment readiness, physical calibration, or shipboard RUL capability.",Resolve related gaps and complete authorized review before strengthening claim.,G-025;G-026,MAPPED_WITH_LIMITATIONS,Primary row for frozen claim.
R-010,"The N-CMAPSS DS02 residual result is pilot evidence only and does not establish Marine validity, general residual-route validation, or deployment readiness.",R,N-CMAPSS DS02,Residual route,N-CMAPSS DS02 residual pilot,SUPPORTED,BOUNDARY_CLAIM,NCMAPSS_DS02_PILOT_CLOSURE_BOUNDARY,NO_MARINE_CLAIM,LIMITED,docs/validation/ncmapss_prevalidation/NCMAPSS_prevalidation_completion_summary.md,CLOSURE_RECORD,docs/marine_package_v1/marine_package_v1_structure.md; docs/marine_package_v1/marine_package_v1_claim_boundary.md; docs/validation/ncmapss_prevalidation/NCMAPSS_prevalidation_completion_summary.md; docs/validation/ncmapss_prevalidation/NCMAPSS_DS02_residual_prevalidation_diagnostic_review.md; docs/documentation_map.md,,,docs/dataset_registry.md,NOT_APPLICABLE,652BF49E2403D613AB80E13DF26FC9DC9CAC66F50ACF4685D7F8B114230A9385,COMPUTED_DURING_PHASE_2,NC-R-001,YES,YES,NOT_APPLICABLE,PILOT_ONLY,PARTIAL,N-CMAPSS DS02 residual result is pilot evidence only and does not prove general nonlinear requirements.,"Use only with public-data, structural, development, process, or boundary qualifiers as indicated by support_status and marine_transfer_status.","Do not interpret as Marine validity, Health Assessment completion, deployment readiness, physical calibration, or shipboard RUL capability.",Resolve related gaps and complete authorized review before strengthening claim.,G-025;G-026,MAPPED,Primary row for frozen claim.
R-011,The N-CMAPSS DS02 residual pilot suggests that nonlinear condition modelling may be necessary when operating conditions are continuous and interacting.,R,N-CMAPSS DS02,Residual route,N-CMAPSS DS02 residual pilot,SUPPORTED_WITH_LIMITATIONS,STRUCTURAL_INFERENCE,PILOT_RESULT_AND_METHOD_STRUCTURE,STRUCTURAL_RELEVANCE_ONLY,LIMITED,docs/validation/ncmapss_prevalidation/NCMAPSS_DS02_residual_prevalidation_diagnostic_review.md,REVIEW_RECORD,docs/marine_package_v1/marine_package_v1_structure.md; docs/marine_package_v1/marine_package_v1_claim_boundary.md; docs/validation/ncmapss_prevalidation/NCMAPSS_prevalidation_completion_summary.md; docs/validation/ncmapss_prevalidation/NCMAPSS_DS02_residual_prevalidation_diagnostic_review.md; docs/documentation_map.md,,outputs/ncmapss/prevalidation/ds02_residual_001/NCMAPSS_DS02_HI_summary.csv,docs/dataset_registry.md,NOT_APPLICABLE,AB57260F4D3064B88C44179A0EDBDD60800BB340F0CABF8AF8DD5FC183B05FB8,COMPUTED_DURING_PHASE_2,NC-R-002,YES,YES,NOT_APPLICABLE,PILOT_ONLY,PARTIAL,N-CMAPSS DS02 residual result is pilot evidence only and does not prove general nonlinear requirements.,"Use only with public-data, structural, development, process, or boundary qualifiers as indicated by support_status and marine_transfer_status.","Do not interpret as Marine validity, Health Assessment completion, deployment readiness, physical calibration, or shipboard RUL capability.",Resolve related gaps and complete authorized review before strengthening claim.,G-025;G-026,MAPPED_WITH_LIMITATIONS,Primary row for frozen claim.
N-001,RAW trend can provide development-stage progression evidence.,N,N-CMAPSS DS02,Nonresidual route,DS02 nonresidual development closure,DEVELOPMENT_EVIDENCE_ONLY,DEVELOPMENT_RESULT,DEVELOPMENT_REVIEW_RECORD,STRUCTURAL_RELEVANCE_ONLY,LIMITED,docs/validation/public_data_nonresidual/ncmapss_ds02_nonresidual_development_closure_report.md,CLOSURE_RECORD,docs/marine_package_v1/marine_package_v1_structure.md; docs/marine_package_v1/marine_package_v1_claim_boundary.md; docs/validation/public_data_nonresidual/ncmapss_ds02_nonresidual_development_closure_report.md; docs/validation/public_data_nonresidual/ncmapss_ds02_nonresidual_archive_summary.md; docs/documentation_map.md,,,docs/dataset_registry.md,NOT_APPLICABLE,62BC35DDB72DB6B907C6134985D818DB52D0833F455C07668EE72FF4C649F903,COMPUTED_DURING_PHASE_2,NC-N-001,YES,YES,NOT_APPLICABLE,TEST_BLOCKED,PARTIAL,DS02 nonresidual evidence is development-only; test gate unopened; CUSUM unresolved.,"Use only with public-data, structural, development, process, or boundary qualifiers as indicated by support_status and marine_transfer_status.","Do not interpret as Marine validity, Health Assessment completion, deployment readiness, physical calibration, or shipboard RUL capability.",Resolve related gaps and complete authorized review before strengthening claim.,G-003;G-010,MAPPED_WITH_LIMITATIONS,Primary row for frozen claim.
N-002,DELTA from reference can provide development-stage progression evidence.,N,N-CMAPSS DS02,Nonresidual route,DS02 nonresidual development closure,DEVELOPMENT_EVIDENCE_ONLY,DEVELOPMENT_RESULT,DEVELOPMENT_REVIEW_RECORD,STRUCTURAL_RELEVANCE_ONLY,LIMITED,docs/validation/public_data_nonresidual/ncmapss_ds02_nonresidual_development_closure_report.md,CLOSURE_RECORD,docs/marine_package_v1/marine_package_v1_structure.md; docs/marine_package_v1/marine_package_v1_claim_boundary.md; docs/validation/public_data_nonresidual/ncmapss_ds02_nonresidual_development_closure_report.md; docs/validation/public_data_nonresidual/ncmapss_ds02_nonresidual_archive_summary.md; docs/documentation_map.md,,,docs/dataset_registry.md,NOT_APPLICABLE,62BC35DDB72DB6B907C6134985D818DB52D0833F455C07668EE72FF4C649F903,COMPUTED_DURING_PHASE_2,NC-N-001,YES,YES,NOT_APPLICABLE,TEST_BLOCKED,PARTIAL,DS02 nonresidual evidence is development-only; test gate unopened; CUSUM unresolved.,"Use only with public-data, structural, development, process, or boundary qualifiers as indicated by support_status and marine_transfer_status.","Do not interpret as Marine validity, Health Assessment completion, deployment readiness, physical calibration, or shipboard RUL capability.",Resolve related gaps and complete authorized review before strengthening claim.,G-003;G-010,MAPPED_WITH_LIMITATIONS,Primary row for frozen claim.
N-003,EWMA can provide development-stage smoothed progression evidence.,N,N-CMAPSS DS02,Nonresidual route,DS02 nonresidual development closure,DEVELOPMENT_EVIDENCE_ONLY,DEVELOPMENT_RESULT,DEVELOPMENT_REVIEW_RECORD,STRUCTURAL_RELEVANCE_ONLY,LIMITED,docs/validation/public_data_nonresidual/ncmapss_ds02_nonresidual_development_closure_report.md,CLOSURE_RECORD,docs/marine_package_v1/marine_package_v1_structure.md; docs/marine_package_v1/marine_package_v1_claim_boundary.md; docs/validation/public_data_nonresidual/ncmapss_ds02_nonresidual_development_closure_report.md; docs/validation/public_data_nonresidual/ncmapss_ds02_nonresidual_archive_summary.md; docs/documentation_map.md,,,docs/dataset_registry.md,NOT_APPLICABLE,62BC35DDB72DB6B907C6134985D818DB52D0833F455C07668EE72FF4C649F903,COMPUTED_DURING_PHASE_2,NC-N-001,YES,YES,NOT_APPLICABLE,TEST_BLOCKED,PARTIAL,DS02 nonresidual evidence is development-only; test gate unopened; CUSUM unresolved.,"Use only with public-data, structural, development, process, or boundary qualifiers as indicated by support_status and marine_transfer_status.","Do not interpret as Marine validity, Health Assessment completion, deployment readiness, physical calibration, or shipboard RUL capability.",Resolve related gaps and complete authorized review before strengthening claim.,G-003;G-010,MAPPED_WITH_LIMITATIONS,Primary row for frozen claim.
N-004,CUSUM showed strong sensitivity to temporally ordered deviations.,N,N-CMAPSS DS02,Nonresidual route,DS02 nonresidual development closure,DEVELOPMENT_EVIDENCE_ONLY,DEVELOPMENT_RESULT,DEVELOPMENT_REVIEW_RECORD,STRUCTURAL_RELEVANCE_ONLY,LIMITED,outputs/public_data_nonresidual/ncmapss_ds02/dev_004/cusum_reference_diagnostic_summary.json,REVIEW_RECORD,docs/marine_package_v1/marine_package_v1_structure.md; docs/marine_package_v1/marine_package_v1_claim_boundary.md; docs/validation/public_data_nonresidual/ncmapss_ds02_nonresidual_development_closure_report.md; docs/validation/public_data_nonresidual/ncmapss_ds02_nonresidual_archive_summary.md; outputs/public_data_nonresidual/ncmapss_ds02/dev_004/cusum_reference_diagnostic_summary.json; docs/documentation_map.md,,,docs/dataset_registry.md,NOT_APPLICABLE,F91AEE9710236F3D90C0AACA31D1D6DAC47DFAD787B868665CAF57963DEA37E4,COMPUTED_DURING_PHASE_2,NC-N-003,YES,YES,NOT_APPLICABLE,TEST_BLOCKED,PARTIAL,DS02 nonresidual evidence is development-only; test gate unopened; CUSUM unresolved.,"Use only with public-data, structural, development, process, or boundary qualifiers as indicated by support_status and marine_transfer_status.","Do not interpret as Marine validity, Health Assessment completion, deployment readiness, physical calibration, or shipboard RUL capability.",Resolve related gaps and complete authorized review before strengthening claim.,G-003;G-010,MAPPED_WITH_LIMITATIONS,Primary row for frozen claim.
N-005,CUSUM specificity and reference-period interpretation remain unresolved.,N,N-CMAPSS DS02,Nonresidual route,DS02 nonresidual development closure,UNRESOLVED,BOUNDARY_CLAIM,DEVELOPMENT_REVIEW_RECORD,NO_MARINE_CLAIM,LIMITED,docs/validation/public_data_nonresidual/ncmapss_ds02_nonresidual_development_closure_report.md,CLOSURE_RECORD,docs/marine_package_v1/marine_package_v1_structure.md; docs/marine_package_v1/marine_package_v1_claim_boundary.md; docs/validation/public_data_nonresidual/ncmapss_ds02_nonresidual_development_closure_report.md; docs/validation/public_data_nonresidual/ncmapss_ds02_nonresidual_archive_summary.md; outputs/public_data_nonresidual/ncmapss_ds02/dev_004/cusum_reference_diagnostic_summary.json; docs/documentation_map.md,,,docs/dataset_registry.md,NOT_APPLICABLE,62BC35DDB72DB6B907C6134985D818DB52D0833F455C07668EE72FF4C649F903,COMPUTED_DURING_PHASE_2,NC-N-001,YES,YES,NOT_APPLICABLE,TEST_BLOCKED,PARTIAL,DS02 nonresidual evidence is development-only; test gate unopened; CUSUM unresolved.,"Use only with public-data, structural, development, process, or boundary qualifiers as indicated by support_status and marine_transfer_status.","Do not interpret as Marine validity, Health Assessment completion, deployment readiness, physical calibration, or shipboard RUL capability.",Resolve related gaps and complete authorized review before strengthening claim.,G-003;G-010,UNRESOLVED,Primary row for frozen claim.
N-006,The DS02 nonresidual test gate was not opened.,N,N-CMAPSS DS02,Nonresidual route,DS02 nonresidual development closure,SUPPORTED,BOUNDARY_CLAIM,FROZEN_CLOSURE_RECORD,NO_MARINE_CLAIM,LIMITED,docs/validation/public_data_nonresidual/ncmapss_ds02_nonresidual_development_closure_report.md,CLOSURE_RECORD,docs/marine_package_v1/marine_package_v1_structure.md; docs/marine_package_v1/marine_package_v1_claim_boundary.md; docs/validation/public_data_nonresidual/ncmapss_ds02_nonresidual_development_closure_report.md; docs/validation/public_data_nonresidual/ncmapss_ds02_nonresidual_archive_summary.md; docs/documentation_map.md,,,docs/dataset_registry.md,NOT_APPLICABLE,62BC35DDB72DB6B907C6134985D818DB52D0833F455C07668EE72FF4C649F903,COMPUTED_DURING_PHASE_2,NC-N-001,YES,YES,NOT_APPLICABLE,TEST_BLOCKED,PARTIAL,DS02 nonresidual evidence is development-only; test gate unopened; CUSUM unresolved.,"Use only with public-data, structural, development, process, or boundary qualifiers as indicated by support_status and marine_transfer_status.","Do not interpret as Marine validity, Health Assessment completion, deployment readiness, physical calibration, or shipboard RUL capability.",Resolve related gaps and complete authorized review before strengthening claim.,G-003;G-010,MAPPED,Primary row for frozen claim.
N-007,Nonresidual methods are candidate approaches for low-data self-baseline trend monitoring.,N,N-CMAPSS DS02,Nonresidual route,DS02 nonresidual development closure,DESIGN_ONLY,PRODUCT_HYPOTHESIS,ARCHITECTURAL_REASONING,STRUCTURAL_RELEVANCE_ONLY,DESIGN,docs/marine_package_v1/marine_package_v1_claim_boundary.md,FROZEN_FRAMEWORK,docs/marine_package_v1/marine_package_v1_structure.md; docs/marine_package_v1/marine_package_v1_claim_boundary.md; docs/validation/public_data_nonresidual/ncmapss_ds02_nonresidual_development_closure_report.md; docs/validation/public_data_nonresidual/ncmapss_ds02_nonresidual_archive_summary.md; docs/documentation_map.md,,,docs/dataset_registry.md,NOT_APPLICABLE,EB16CD25E6FC9BFAEF9001142376C47BA17140684B9A9B1B08898F93984E49B6,COMPUTED_DURING_PHASE_2_HASH_REFRESH,MPV1-BOUND,YES,YES,NOT_APPLICABLE,TEST_BLOCKED,PARTIAL,DS02 nonresidual evidence is development-only; test gate unopened; CUSUM unresolved.,"Use only with public-data, structural, development, process, or boundary qualifiers as indicated by support_status and marine_transfer_status.","Do not interpret as Marine validity, Health Assessment completion, deployment readiness, physical calibration, or shipboard RUL capability.",Resolve related gaps and complete authorized review before strengthening claim.,G-003;G-010,DESIGN_ONLY_MAPPED,Primary row for frozen claim.
F-001,Residual and nonresidual routes address different operational questions.,F,Cross-dataset framework,Framework architecture,Architecture and boundary,SUPPORTED_WITH_LIMITATIONS,ARCHITECTURAL_CONCEPTUAL,METHOD_DESIGN_AND_SEPARATE_EXPERIMENTS,STRUCTURAL_RELEVANCE_ONLY,DESIGN,lbnl_expected_state/docs/architecture/health_evidence_framework.md,CANONICAL,docs/marine_package_v1/marine_package_v1_structure.md; docs/marine_package_v1/marine_package_v1_claim_boundary.md; docs/validation/framework_validation/framework_validation_kickoff_review.md; lbnl_expected_state/docs/architecture/health_evidence_framework.md; lbnl_expected_state/docs/framework/evidence_philosophy_taxonomy.md; docs/documentation_map.md,lbnl_expected_state/docs/decisions/DD-002_residual_evidence_hierarchy.md; lbnl_expected_state/docs/decisions/DD-006_evidence_diversity_principle.md,,docs/dataset_registry.md,NOT_APPLICABLE,7B25A9A0CC0C373882F9945C3F3377FE13EB98764D5516EE973F40D9BE6C239D,COMPUTED_DURING_PHASE_2,FW-002,YES,YES,NOT_APPLICABLE,TEST_NOT_APPLICABLE,NOT_APPLICABLE,Architecture or boundary claim; not same-dataset empirical comparison unless separately stated.,"Use only with public-data, structural, development, process, or boundary qualifiers as indicated by support_status and marine_transfer_status.","Do not interpret as Marine validity, Health Assessment completion, deployment readiness, physical calibration, or shipboard RUL capability.",Resolve related gaps and complete authorized review before strengthening claim.,G-001,MAPPED_WITH_LIMITATIONS,Primary row for frozen claim.
F-002,Residual routes require stronger condition coverage and Expected State support.,F,Cross-dataset framework,Framework architecture,Architecture and boundary,SUPPORTED_WITH_LIMITATIONS,ARCHITECTURAL_CONCEPTUAL,METHOD_DESIGN_AND_SEPARATE_EXPERIMENTS,STRUCTURAL_RELEVANCE_ONLY,DESIGN,lbnl_expected_state/docs/architecture/health_evidence_framework.md,CANONICAL,docs/marine_package_v1/marine_package_v1_structure.md; docs/marine_package_v1/marine_package_v1_claim_boundary.md; docs/validation/framework_validation/framework_validation_kickoff_review.md; lbnl_expected_state/docs/architecture/health_evidence_framework.md; lbnl_expected_state/docs/framework/evidence_philosophy_taxonomy.md; docs/documentation_map.md,lbnl_expected_state/docs/decisions/DD-002_residual_evidence_hierarchy.md; lbnl_expected_state/docs/decisions/DD-004_semantic_window_validation.md,,docs/dataset_registry.md,NOT_APPLICABLE,7B25A9A0CC0C373882F9945C3F3377FE13EB98764D5516EE973F40D9BE6C239D,COMPUTED_DURING_PHASE_2,FW-002,YES,YES,NOT_APPLICABLE,TEST_NOT_APPLICABLE,NOT_APPLICABLE,Architecture or boundary claim; not same-dataset empirical comparison unless separately stated.,"Use only with public-data, structural, development, process, or boundary qualifiers as indicated by support_status and marine_transfer_status.","Do not interpret as Marine validity, Health Assessment completion, deployment readiness, physical calibration, or shipboard RUL capability.",Resolve related gaps and complete authorized review before strengthening claim.,G-001,MAPPED_WITH_LIMITATIONS,Primary row for frozen claim.
F-003,Nonresidual routes can operate under weaker data conditions but provide weaker causal attribution.,F,Cross-dataset framework,Framework architecture,Architecture and boundary,SUPPORTED_WITH_LIMITATIONS,ARCHITECTURAL_CONCEPTUAL,METHOD_DESIGN_AND_SEPARATE_EXPERIMENTS,STRUCTURAL_RELEVANCE_ONLY,DESIGN,lbnl_expected_state/docs/architecture/health_evidence_framework.md,CANONICAL,docs/marine_package_v1/marine_package_v1_structure.md; docs/marine_package_v1/marine_package_v1_claim_boundary.md; docs/validation/framework_validation/framework_validation_kickoff_review.md; lbnl_expected_state/docs/architecture/health_evidence_framework.md; lbnl_expected_state/docs/framework/evidence_philosophy_taxonomy.md; docs/documentation_map.md,lbnl_expected_state/docs/decisions/DD-006_evidence_diversity_principle.md,,docs/dataset_registry.md,NOT_APPLICABLE,7B25A9A0CC0C373882F9945C3F3377FE13EB98764D5516EE973F40D9BE6C239D,COMPUTED_DURING_PHASE_2,FW-002,YES,YES,NOT_APPLICABLE,TEST_NOT_APPLICABLE,NOT_APPLICABLE,Architecture or boundary claim; not same-dataset empirical comparison unless separately stated.,"Use only with public-data, structural, development, process, or boundary qualifiers as indicated by support_status and marine_transfer_status.","Do not interpret as Marine validity, Health Assessment completion, deployment readiness, physical calibration, or shipboard RUL capability.",Resolve related gaps and complete authorized review before strengthening claim.,G-001,MAPPED_WITH_LIMITATIONS,Primary row for frozen claim.
F-004,Maintenance reset is necessary for lifecycle interpretation.,F,Cross-dataset framework,Framework architecture,Architecture and boundary,DESIGN_ONLY,ARCHITECTURAL_CONCEPTUAL,METHOD_DESIGN_AND_SEPARATE_EXPERIMENTS,MARINE_VALIDATION_REQUIRED,DESIGN,lbnl_expected_state/docs/decisions/DD-005_stateful_health_indicator_lifecycle.md,DESIGN,docs/marine_package_v1/marine_package_v1_structure.md; docs/marine_package_v1/marine_package_v1_claim_boundary.md; docs/documentation_map.md,lbnl_expected_state/docs/decisions/DD-005_stateful_health_indicator_lifecycle.md,,docs/dataset_registry.md,NOT_APPLICABLE,210C4A4AD1E6DBBF3400DCDCC69E30C7AAD245C22A75248D9E1DA473AA5BFA3A,COMPUTED_DURING_PHASE_2,DD-005,YES,YES,NOT_APPLICABLE,TEST_NOT_APPLICABLE,NOT_APPLICABLE,Architecture or boundary claim; not same-dataset empirical comparison unless separately stated.,"Use only with public-data, structural, development, process, or boundary qualifiers as indicated by support_status and marine_transfer_status.","Do not interpret as Marine validity, Health Assessment completion, deployment readiness, physical calibration, or shipboard RUL capability.",Resolve related gaps and complete authorized review before strengthening claim.,G-001,DESIGN_ONLY_MAPPED,Primary row for frozen claim.
F-005,Public-data evidence does not establish Marine validity.,F,Cross-dataset framework,Framework architecture,Architecture and boundary,SUPPORTED,BOUNDARY_CLAIM,DOCUMENTED_SCOPE_BOUNDARY,NO_MARINE_CLAIM,MODERATE,docs/validation/framework_stress_test/ST-001_dataset_attack/ST001_closure_report.md,CLOSURE_RECORD,docs/marine_package_v1/marine_package_v1_structure.md; docs/marine_package_v1/marine_package_v1_claim_boundary.md; docs/validation/framework_stress_test/ST-001_dataset_attack/ST001_closure_report.md; docs/validation/framework_validation/framework_validation_kickoff_review.md; lbnl_expected_state/docs/framework/evidence_philosophy_taxonomy.md; docs/dataset_qualification_specification.md; docs/dataset_registry.md; docs/artifact_policy.md; docs/documentation_map.md,lbnl_expected_state/docs/decisions/DD-003_project_terminology_standard.md,,docs/dataset_registry.md,NOT_APPLICABLE,6EF9730DC42C2F7073DE079F4CB6F9D245548B31B03767027A434146FE91B444,COMPUTED_DURING_PHASE_2,ST-001,YES,YES,NOT_APPLICABLE,TEST_NOT_APPLICABLE,NOT_APPLICABLE,Architecture or boundary claim; not same-dataset empirical comparison unless separately stated.,"Use only with public-data, structural, development, process, or boundary qualifiers as indicated by support_status and marine_transfer_status.","Do not interpret as Marine validity, Health Assessment completion, deployment readiness, physical calibration, or shipboard RUL capability.",Resolve related gaps and complete authorized review before strengthening claim.,G-001,MAPPED,Primary row for frozen claim.
F-006,Health Assessment has not been completed.,F,Cross-dataset framework,Framework architecture,Architecture and boundary,SUPPORTED,BOUNDARY_CLAIM,DOCUMENTED_SCOPE_BOUNDARY,NO_MARINE_CLAIM,MODERATE,docs/validation/framework_stress_test/ST-001_dataset_attack/ST001_closure_report.md,CLOSURE_RECORD,docs/marine_package_v1/marine_package_v1_structure.md; docs/marine_package_v1/marine_package_v1_claim_boundary.md; docs/validation/framework_stress_test/ST-001_dataset_attack/ST001_closure_report.md; docs/validation/framework_validation/framework_validation_kickoff_review.md; lbnl_expected_state/docs/framework/evidence_philosophy_taxonomy.md; docs/artifact_policy.md; docs/documentation_map.md,lbnl_expected_state/docs/decisions/DD-003_project_terminology_standard.md,,docs/dataset_registry.md,NOT_APPLICABLE,6EF9730DC42C2F7073DE079F4CB6F9D245548B31B03767027A434146FE91B444,COMPUTED_DURING_PHASE_2,ST-001,YES,YES,NOT_APPLICABLE,TEST_NOT_APPLICABLE,NOT_APPLICABLE,Architecture or boundary claim; not same-dataset empirical comparison unless separately stated.,"Use only with public-data, structural, development, process, or boundary qualifiers as indicated by support_status and marine_transfer_status.","Do not interpret as Marine validity, Health Assessment completion, deployment readiness, physical calibration, or shipboard RUL capability.",Resolve related gaps and complete authorized review before strengthening claim.,G-001,MAPPED,Primary row for frozen claim.
F-007,Deployment readiness has not been demonstrated.,F,Cross-dataset framework,Framework architecture,Architecture and boundary,SUPPORTED,BOUNDARY_CLAIM,DOCUMENTED_SCOPE_BOUNDARY,NO_MARINE_CLAIM,MODERATE,docs/validation/framework_stress_test/ST-001_dataset_attack/ST001_closure_report.md,CLOSURE_RECORD,docs/marine_package_v1/marine_package_v1_structure.md; docs/marine_package_v1/marine_package_v1_claim_boundary.md; docs/validation/framework_stress_test/ST-001_dataset_attack/ST001_closure_report.md; docs/validation/framework_validation/framework_validation_kickoff_review.md; lbnl_expected_state/docs/framework/evidence_philosophy_taxonomy.md; docs/artifact_policy.md; docs/documentation_map.md,lbnl_expected_state/docs/decisions/DD-003_project_terminology_standard.md,,docs/dataset_registry.md,NOT_APPLICABLE,6EF9730DC42C2F7073DE079F4CB6F9D245548B31B03767027A434146FE91B444,COMPUTED_DURING_PHASE_2,ST-001,YES,YES,NOT_APPLICABLE,TEST_NOT_APPLICABLE,NOT_APPLICABLE,Architecture or boundary claim; not same-dataset empirical comparison unless separately stated.,"Use only with public-data, structural, development, process, or boundary qualifiers as indicated by support_status and marine_transfer_status.","Do not interpret as Marine validity, Health Assessment completion, deployment readiness, physical calibration, or shipboard RUL capability.",Resolve related gaps and complete authorized review before strengthening claim.,G-001,MAPPED,Primary row for frozen claim.
F-008,Decision-support tools may exist below the full Health Assessment layer.,F,Cross-dataset framework,Framework architecture,Architecture and boundary,DESIGN_ONLY,ARCHITECTURAL_CONCEPTUAL,ARCHITECTURAL_REASONING,MARINE_VALIDATION_REQUIRED,DESIGN,lbnl_expected_state/docs/architecture/health_evidence_framework.md,CANONICAL,docs/marine_package_v1/marine_package_v1_structure.md; docs/marine_package_v1/marine_package_v1_claim_boundary.md; lbnl_expected_state/docs/architecture/health_evidence_framework.md; docs/documentation_map.md,lbnl_expected_state/docs/decisions/DD-005_stateful_health_indicator_lifecycle.md,,docs/dataset_registry.md,NOT_APPLICABLE,7B25A9A0CC0C373882F9945C3F3377FE13EB98764D5516EE973F40D9BE6C239D,COMPUTED_DURING_PHASE_2,FW-002,YES,YES,NOT_APPLICABLE,TEST_NOT_APPLICABLE,NOT_APPLICABLE,Architecture or boundary claim; not same-dataset empirical comparison unless separately stated.,"Use only with public-data, structural, development, process, or boundary qualifiers as indicated by support_status and marine_transfer_status.","Do not interpret as Marine validity, Health Assessment completion, deployment readiness, physical calibration, or shipboard RUL capability.",Resolve related gaps and complete authorized review before strengthening claim.,G-001,DESIGN_ONLY_MAPPED,Primary row for frozen claim.
M-001,"Canonical Marine request, intake, sensor inventory, and variable-role mapping templates exist.",M,Marine process,Marine interface/process,Marine request/intake state,SUPPORTED,PROCESS_STATE,CANONICAL_TEMPLATE_EXISTENCE,NO_MARINE_CLAIM,DESIGN,docs/validation/marine_execution_package/templates/marine_data_request_and_delivery_specification.md,PROCESS_INPUT,docs/marine_package_v1/marine_package_v1_structure.md; docs/marine_package_v1/marine_package_v1_claim_boundary.md; docs/documentation_map.md,docs/validation/marine_execution_package/templates/marine_data_request_and_delivery_specification.md; docs/validation/marine_execution_package/templates/marine_data_intake_checklist.md; docs/validation/marine_execution_package/templates/sensor_inventory_template.md; docs/validation/marine_execution_package/templates/variable_role_mapping_template.md,,docs/dataset_registry.md,NOT_APPLICABLE,57C73054B6E25BC96AA391252810D6FC63D0867E4ECF1D09A442084E9C1CAF9C,COMPUTED_DURING_PHASE_2,M-ART-001,YES,YES,NOT_APPLICABLE,TEST_NOT_APPLICABLE,NOT_APPLICABLE,"User-confirmed process status supports process claims only, not technical validation.","Use only with public-data, structural, development, process, or boundary qualifiers as indicated by support_status and marine_transfer_status.","Do not interpret as Marine validity, Health Assessment completion, deployment readiness, physical calibration, or shipboard RUL capability.",Resolve related gaps and complete authorized review before strengthening claim.,G-004;G-005,PROCESS_STATUS_MAPPED,Primary row for frozen claim.
M-002,Existence of the templates does not mean that the Marine data request has started.,M,Marine process,Marine interface/process,Marine request/intake state,SUPPORTED,BOUNDARY_CLAIM,DOCUMENTED_SCOPE_BOUNDARY,NO_MARINE_CLAIM,DESIGN,docs/marine_package_v1/marine_package_v1_claim_boundary.md,FROZEN_FRAMEWORK,docs/marine_package_v1/marine_package_v1_structure.md; docs/marine_package_v1/marine_package_v1_claim_boundary.md; docs/documentation_map.md,docs/validation/marine_execution_package/templates/marine_data_request_and_delivery_specification.md,,docs/dataset_registry.md,NOT_APPLICABLE,EB16CD25E6FC9BFAEF9001142376C47BA17140684B9A9B1B08898F93984E49B6,COMPUTED_DURING_PHASE_2_HASH_REFRESH,MPV1-BOUND,YES,YES,NOT_APPLICABLE,TEST_NOT_APPLICABLE,NOT_APPLICABLE,"User-confirmed process status supports process claims only, not technical validation.","Use only with public-data, structural, development, process, or boundary qualifiers as indicated by support_status and marine_transfer_status.","Do not interpret as Marine validity, Health Assessment completion, deployment readiness, physical calibration, or shipboard RUL capability.",Resolve related gaps and complete authorized review before strengthening claim.,G-004;G-005,PROCESS_STATUS_MAPPED,Primary row for frozen claim.
M-003,The Marine data request process is currently planned but not started.,M,Marine process,Marine interface/process,Marine request/intake state,SUPPORTED,PROCESS_STATE,USER_CONFIRMED_REAL_WORLD_STATUS,NO_MARINE_CLAIM,DESIGN,docs/marine_package_v1/marine_package_v1_claim_boundary.md,FROZEN_FRAMEWORK,docs/marine_package_v1/marine_package_v1_structure.md; docs/marine_package_v1/marine_package_v1_claim_boundary.md; docs/documentation_map.md,docs/validation/marine_execution_package/templates/marine_data_request_and_delivery_specification.md,,docs/dataset_registry.md,NOT_APPLICABLE,EB16CD25E6FC9BFAEF9001142376C47BA17140684B9A9B1B08898F93984E49B6,COMPUTED_DURING_PHASE_2_HASH_REFRESH,MPV1-BOUND,YES,YES,NOT_APPLICABLE,TEST_NOT_APPLICABLE,NOT_APPLICABLE,"User-confirmed process status supports process claims only, not technical validation.","Use only with public-data, structural, development, process, or boundary qualifiers as indicated by support_status and marine_transfer_status.","Do not interpret as Marine validity, Health Assessment completion, deployment readiness, physical calibration, or shipboard RUL capability.",Resolve related gaps and complete authorized review before strengthening claim.,G-004;G-005,PROCESS_STATUS_MAPPED,Primary row for frozen claim.
M-004,Marine Package v1.0 and the External Validation of Project Results document are the planned prerequisites for initiating the first formal Marine data request.,M,Marine process,Marine interface/process,Marine request/intake state,DESIGN_ONLY,PLANNED_PROCESS_RULE,USER_CONFIRMED_PROJECT_DECISION,MARINE_VALIDATION_REQUIRED,DESIGN,docs/marine_package_v1/marine_package_v1_claim_boundary.md,FROZEN_FRAMEWORK,docs/marine_package_v1/marine_package_v1_structure.md; docs/marine_package_v1/marine_package_v1_claim_boundary.md; docs/documentation_map.md,docs/validation/marine_execution_package/templates/marine_data_request_and_delivery_specification.md,,docs/dataset_registry.md,NOT_APPLICABLE,EB16CD25E6FC9BFAEF9001142376C47BA17140684B9A9B1B08898F93984E49B6,COMPUTED_DURING_PHASE_2_HASH_REFRESH,MPV1-BOUND,YES,YES,NOT_APPLICABLE,TEST_NOT_APPLICABLE,NOT_APPLICABLE,"User-confirmed process status supports process claims only, not technical validation.","Use only with public-data, structural, development, process, or boundary qualifiers as indicated by support_status and marine_transfer_status.","Do not interpret as Marine validity, Health Assessment completion, deployment readiness, physical calibration, or shipboard RUL capability.",Resolve related gaps and complete authorized review before strengthening claim.,G-004;G-005,PROCESS_STATUS_MAPPED,Primary row for frozen claim.
M-005,No Marine dataset has been received or qualified.,M,Marine process,Marine interface/process,Marine request/intake state,SUPPORTED,PROCESS_STATE,USER_CONFIRMED_REAL_WORLD_STATUS,NO_MARINE_CLAIM,DESIGN,docs/marine_package_v1/marine_package_v1_claim_boundary.md,FROZEN_FRAMEWORK,docs/marine_package_v1/marine_package_v1_structure.md; docs/marine_package_v1/marine_package_v1_claim_boundary.md; docs/dataset_qualification_specification.md; docs/dataset_registry.md; docs/documentation_map.md,docs/validation/marine_execution_package/templates/marine_data_intake_checklist.md; docs/validation/marine_execution_package/templates/sensor_inventory_template.md; docs/validation/marine_execution_package/templates/variable_role_mapping_template.md,,docs/dataset_registry.md,NOT_APPLICABLE,EB16CD25E6FC9BFAEF9001142376C47BA17140684B9A9B1B08898F93984E49B6,COMPUTED_DURING_PHASE_2_HASH_REFRESH,MPV1-BOUND,YES,YES,NOT_APPLICABLE,TEST_NOT_APPLICABLE,NOT_APPLICABLE,"User-confirmed process status supports process claims only, not technical validation.","Use only with public-data, structural, development, process, or boundary qualifiers as indicated by support_status and marine_transfer_status.","Do not interpret as Marine validity, Health Assessment completion, deployment readiness, physical calibration, or shipboard RUL capability.",Resolve related gaps and complete authorized review before strengthening claim.,G-004;G-005,PROCESS_STATUS_MAPPED,Primary row for frozen claim.
M-006,Direct Marine validation has not started.,M,Marine process,Marine interface/process,Marine request/intake state,SUPPORTED,BOUNDARY_CLAIM,DOCUMENTED_SCOPE_BOUNDARY,NO_MARINE_CLAIM,DESIGN,docs/marine_package_v1/marine_package_v1_claim_boundary.md,FROZEN_FRAMEWORK,docs/marine_package_v1/marine_package_v1_structure.md; docs/marine_package_v1/marine_package_v1_claim_boundary.md; docs/documentation_map.md,docs/validation/marine_execution_package/templates/marine_data_intake_checklist.md,,docs/dataset_registry.md,NOT_APPLICABLE,EB16CD25E6FC9BFAEF9001142376C47BA17140684B9A9B1B08898F93984E49B6,COMPUTED_DURING_PHASE_2_HASH_REFRESH,MPV1-BOUND,YES,YES,NOT_APPLICABLE,TEST_NOT_APPLICABLE,NOT_APPLICABLE,"User-confirmed process status supports process claims only, not technical validation.","Use only with public-data, structural, development, process, or boundary qualifiers as indicated by support_status and marine_transfer_status.","Do not interpret as Marine validity, Health Assessment completion, deployment readiness, physical calibration, or shipboard RUL capability.",Resolve related gaps and complete authorized review before strengthening claim.,G-004;G-005,PROCESS_STATUS_MAPPED,Primary row for frozen claim.
